<?xml version="1.0" encoding="UTF-8"?>
<project-private xmlns="http://www.netbeans.org/ns/project-private/1">
    <editor-bookmarks xmlns="http://www.netbeans.org/ns/editor-bookmarks/2" lastBookmarkId="0"/>
    <open-files xmlns="http://www.netbeans.org/ns/projectui-open-files/2">
        <group>
            <file>file:/C:/Users/Alunos/Documents/Fernando%20Chibli/tp2/aula5/SistemaBancarioBackend/src/DAO/Cliente.java</file>
            <file>file:/C:/Users/Alunos/Documents/Fernando%20Chibli/tp2/aula5/SistemaBancarioBackend/src/View/TelaCadastrarExtratoMovimentacao.java</file>
            <file>file:/C:/Users/Alunos/Documents/Fernando%20Chibli/tp2/aula5/SistemaBancarioBackend/src/DAO/Agencia.java</file>
            <file>file:/C:/Users/Alunos/Documents/Fernando%20Chibli/tp2/aula5/SistemaBancarioBackend/src/View/TelaMenu.java</file>
            <file>file:/C:/Users/Alunos/Documents/Fernando%20Chibli/tp2/aula5/SistemaBancarioBackend/src/DAO/ContaCorrente.java</file>
            <file>file:/C:/Users/Alunos/Documents/Fernando%20Chibli/tp2/aula5/SistemaBancarioBackend/src/View/TelaCadastrarHistorico.java</file>
            <file>file:/C:/Users/Alunos/Documents/Fernando%20Chibli/tp2/aula5/SistemaBancarioBackend/src/View/TelaCadastrarUsuario.java</file>
        </group>
    </open-files>
</project-private>
