<?xml version="1.0" encoding="UTF-8"?>
<project-private xmlns="http://www.netbeans.org/ns/project-private/1">
    <editor-bookmarks xmlns="http://www.netbeans.org/ns/editor-bookmarks/2" lastBookmarkId="0"/>
    <open-files xmlns="http://www.netbeans.org/ns/projectui-open-files/2">
        <group>
            <file>file:/C:/Users/Alunos/Documents/FerShibli/tecnicas-de-programacao-1/aula5/SistemaBancarioBackend/src/View/TelaCadastrarAgencia.java</file>
            <file>file:/C:/Users/Alunos/Documents/FerShibli/tecnicas-de-programacao-1/aula5/SistemaBancarioBackend/src/View/TelaCadastrarUsuario.java</file>
            <file>file:/C:/Users/Alunos/Documents/FerShibli/tecnicas-de-programacao-1/aula5/SistemaBancarioBackend/src/DAO/Cliente.java</file>
            <file>file:/C:/Users/Alunos/Documents/FerShibli/tecnicas-de-programacao-1/aula5/SistemaBancarioBackend/src/View/TelaCadastrarHistorico.java</file>
            <file>file:/C:/Users/Alunos/Documents/FerShibli/tecnicas-de-programacao-1/aula5/SistemaBancarioBackend/src/View/TelaCadastrarCliente.java</file>
            <file>file:/C:/Users/Alunos/Documents/FerShibli/tecnicas-de-programacao-1/aula5/SistemaBancarioBackend/src/View/TelaCadastrarContaCorrente.java</file>
            <file>file:/C:/Users/Alunos/Documents/FerShibli/tecnicas-de-programacao-1/aula5/SistemaBancarioBackend/src/View/TelaCadastrarExtratoMovimentacao.java</file>
        </group>
    </open-files>
</project-private>
